"opr.id.md5","m.call","call.sd","start.dt","last.dt","days","l_s"
"A5D0E3784E159C774C356EE1AE2E8EA0",192.435185185185,35.7985728186647,"2014-10-01","2015-03-30",108,181
"CBCC7F3540C01B2139767ED8B92C15DB",186.683333333333,34.5041669224748,"2014-10-01","2015-03-31",120,182
"F01BF43F89479D83936C7A82998B817F",179.241071428571,54.181085349525,"2014-10-02","2015-03-30",112,180
"4AFA572EB547A52C1E86BF95C0BD93CA",175,NA,"2014-10-05","2014-10-05",1,1
"CB82E1622243DF312040A5B183866750",174.198347107438,48.6162901084795,"2014-10-01","2015-03-31",121,182
"41F116BDE91E3AECBB0C2C9E0740DC1D",170.873949579832,29.0086353659397,"2014-10-01","2015-03-30",119,181
"D20694FC1F5940264AB6F1F82FC59DB4",169.646017699115,31.6797367509079,"2014-10-01","2015-03-31",113,182
"946D51CD23274183FD1875394851E909",166.529411764706,26.2069101390727,"2014-10-01","2014-11-28",34,59
"ECCBC5DDF9D424920A39E665D22A3214",165.954954954955,29.8463907936461,"2014-10-02","2015-03-31",111,181
"F40CCC0D125AB36EE17D7D9B9F93DD1F",163.517857142857,22.7667301686914,"2014-10-01","2015-03-31",112,182
"8F7EB7E48A592816A9467527EB268DF8",163.148760330579,28.7586685937257,"2014-10-02","2015-03-31",121,181
"7E768A3DCFCF33F8632AC3E236A36F35",162.184210526316,26.3255876030442,"2014-10-01","2015-03-31",114,182
"D9C174E933BF68C2CD2103D3A8E75EC1",160.34188034188,42.286005346426,"2014-10-01","2015-03-27",117,178
"832E81D0357F66A90A0D9193C035FC55",159.625,40.2631965944086,"2014-10-12","2015-01-18",8,99
"7C9AAEA904786325110BE09BBF0CA427",159.370967741935,43.9018616828314,"2014-10-01","2015-03-31",124,182
"38B72D615269C1DE39408ADF9BADC934",158.0625,23.4521868397718,"2014-10-01","2015-03-31",112,182
"168124221E32CE66FF0DBFDD1517B240",157.809917355372,35.8978444221903,"2014-10-01","2015-03-31",121,182
"A335C935BBB56A0624E59974B4D7298F",155.886956521739,39.552267266481,"2014-10-01","2015-03-31",115,182
"EC54FDCBFEBBE4582DA9348DB89F83E1",155.35593220339,40.0251043921462,"2014-10-01","2015-03-31",118,182
"37EC4858AABA09754EDC463FE00E1B6D",154.25,19.838934783232,"2014-12-14","2015-03-29",4,106
"545B1C1FD14C84812345773EEC9D8822",154,NA,"2014-10-05","2014-10-05",1,1
"921138919140C1C8339791AC76E91757",153.674796747967,42.1979130738265,"2014-10-03","2015-03-31",123,180
"0E87E5904F46D00C970AD4A5EF362256",152.774436090226,67.4217410018273,"2014-10-01","2015-03-28",133,179
"94438892A1B3A9AA6C1E922D0DC8951F",152.294642857143,30.0739743799591,"2014-10-01","2015-03-31",112,182
"8E6DDAF2F5C30CFEEA72A865F4D9015B",149.359375,53.1008154770782,"2014-10-01","2015-03-31",128,182
"AFF69E8DA6F3B07C32701884011A3A89",148.025423728814,21.7127564476269,"2014-10-01","2015-03-31",118,182
"72BA8FD45CD4F38AD9096B18182CC744",147.411764705882,40.6008707773167,"2014-10-01","2015-03-31",119,182
"074A6983909C107184DF1E6B6BA85365",146.307692307692,43.8707862773642,"2014-10-01","2015-03-31",117,182
"591821B54A8881C06B709D4767586643",146.114754098361,44.0623518992996,"2014-10-01","2015-03-30",122,181
"CA4DA562CA5883E4A90E4148C0E78AFC",145.605263157895,24.6897988396887,"2014-10-01","2015-03-30",114,181
"646289730B494251ABD46C8D53EB540A",145.265151515152,53.3579100281513,"2014-10-01","2015-03-31",132,182
"B0ED0D07BB9F09AFDC1385A1E9FAABCA",144.023076923077,42.8895219282559,"2014-10-01","2015-03-31",130,182
"841F197841198BE0BFF825B8C66C8434",143.529914529915,31.6212970162932,"2014-10-02","2015-03-31",117,181
"96BE9F65A5DC4F5C9458C02B7746E6F6",143.370689655172,31.01262861212,"2014-10-02","2015-03-31",116,181
"9B2C81093707DA98C538935623E83BFA",142.444444444444,18.8811210479183,"2014-10-02","2014-10-31",18,30
"B4F8DA1F625D33C59755DCB761C5F634",141.966666666667,45.241264226318,"2014-10-01","2015-03-31",120,182
"BCB284DD88ECBBDAAFA1EDB1A984A9CF",141.75,58.0768169467531,"2014-11-22","2015-03-29",4,128
"956353F9F68E561F31E12832B5187CBA",141.512396694215,33.9052885998825,"2014-10-01","2015-03-31",121,182
"406F14C44A0AD567F234875B01150FDF",140.516949152542,46.4345386209184,"2014-10-01","2015-03-31",118,182
"ED4F6BEB1830B47E19A9EF1664CBBB5C",139.396551724138,26.8994518484137,"2014-10-01","2015-03-30",116,181
"1603B903844C6593B3B87A7958FFA6D9",137.975806451613,51.0990531326331,"2014-10-01","2015-03-31",124,182
"9E4828F8CADE27E33DD6A0BC13FAAB3D",136.793388429752,33.9752158088245,"2014-10-02","2015-03-31",121,181
"8E122AB665E1330560A12E339FD08D80",136.474137931034,30.8799811913934,"2014-10-01","2015-03-31",116,182
"DDEB233185446D6808475795D4A858BD",136.347107438017,38.6246274510192,"2014-10-01","2015-03-31",121,182
"627F1411893B4BD3233D0FAA1BDD9676",136.243902439024,43.1009758862959,"2014-10-02","2015-03-31",123,181
"8199690AC7F55A2B455B5E3188E42703",136,NA,"2014-10-05","2014-10-05",1,1
"83AD9B173319BCEB836F286AB18BA691",135.483333333333,40.9104336989254,"2014-10-01","2015-03-31",120,182
"BA801071972A0A4E56C976DA5738335B",135.165217391304,29.5851226347294,"2014-10-01","2015-03-31",115,182
"28BF30DF0740495C0157A46E77300294",134,NA,"2015-01-18","2015-01-18",1,1
"B9C0FD455E0251F968DDEDF3B7547DC1",132.700854700855,38.301945785917,"2014-10-01","2015-03-31",117,182
"D964BF33441BB6BBB30225B94709D765",132.55652173913,29.7814234175943,"2014-10-01","2015-03-30",115,181
"5A3B6A5A7BF33A35091D621EF6613756",132.425531914894,54.7022221171383,"2014-10-01","2015-02-26",94,149
"461E1AE42034AA0C25E1234BA0D31E88",132,NA,"2014-10-05","2014-10-05",1,1
"95A21F44505ACA671066970E9ACA8C8B",131.133333333333,40.6201782314138,"2014-10-01","2015-03-31",120,182
"6FF922CDF206C656CC365BB620F40D53",130.05,43.9531549713189,"2014-10-01","2015-03-31",120,182
"626FE6BCB7757EC63C600B979DE13054",129.838709677419,69.6082402253111,"2014-10-01","2015-03-31",124,182
"F869FE77E9568F2B3C92DDD5F8EB712B",129.771929824561,27.6235871661201,"2014-10-01","2015-03-31",114,182
"A599686D159FE60156D155B80B5FDC7C",129.136363636364,46.5313979552624,"2014-10-11","2015-03-14",22,155
"AB0ED82B1F36C0113671A165E32AE7F4",128.030303030303,38.131749278394,"2015-01-28","2015-03-31",33,63
"44FCFAF0422B608D99CE733B222BC14E",127.573770491803,37.2170133566164,"2014-10-02","2015-03-31",122,181
"D87163A32CA06E639BC2FB30AA76F8DD",127.483333333333,26.8744304870932,"2014-10-01","2015-03-31",120,182
"A95483B406D565BBEC8AB5D45881C384",127.25,43.6351088834751,"2014-10-19","2015-03-28",12,161
"175AAE73EAEE9FB9E1F292AE9F46AA74",127.033613445378,24.9721651054269,"2014-10-01","2015-03-31",119,182
"C75C0251D2F57CC4F1F590D355416027",126.541666666667,32.2258041168935,"2014-10-01","2015-03-31",120,182
"CF0AB20ECABE008C9B7BD3475C8EC060",125.798449612403,46.559501555295,"2014-10-01","2015-03-31",129,182
"859BB0DFBFBCE717D0686EFDCF40E2DA",125.635658914729,49.0036570676899,"2014-10-02","2015-03-31",129,181
"6CDBE99379590FA622411175008C2609",125.141666666667,35.0994495475843,"2014-10-01","2015-03-31",120,182
"D22A20089669F868EA657294D616B7B7",125,13.253930234714,"2015-03-23","2015-03-30",7,8
"A0564E597F231B90AE22366DB04DD070",124.859504132231,33.2278261364186,"2014-10-01","2015-03-31",121,182
"16516731D397A976F14573A4F5D2D1DB",124.837606837607,52.566535386111,"2014-10-03","2015-03-31",117,180
"6C4BA286F4374C620C19E35F7F8FA924",124.735849056604,28.5984687857809,"2014-10-01","2015-03-27",106,178
"180EB3F22F92B42A9CD0E6C508660E65",124.023076923077,41.9644488490358,"2014-10-01","2015-03-31",130,182
"52941D285D8C637E81C7B9F36ABBE1C4",123.75,33.1296932762224,"2014-10-01","2015-03-31",112,182
"D93DB42E63D2267C204DA1A58D1B6F42",121.991525423729,37.4376965657467,"2014-10-01","2015-03-31",118,182
"4D9740AC86F7CC14D4532E1274A83FAF",121.258333333333,37.0544672531851,"2014-10-01","2015-03-31",120,182
"D338504B04C93DB7C7541996BEC16B05",121.108108108108,39.5769334452994,"2014-10-02","2015-03-31",111,181
"462501E66471A421A65D62FED36C63CB",120.941747572816,45.3982001117515,"2014-10-27","2015-03-31",103,156
"3A28FAB453663811A2CEC85CF7A67EA6",120.655172413793,29.5122976425748,"2014-10-01","2015-03-31",116,182
"BE8A4C4B309DD98500819581FBF6951C",120.407407407407,17.8093736322699,"2014-10-01","2014-11-12",27,43
"C5DD1C691834E492A1768241BBA93F6B",119.186440677966,24.4316416500953,"2014-10-01","2015-03-31",118,182
"580124F723AABFF096EFD55D7564CA80",118.813559322034,39.3172390263971,"2014-10-01","2015-03-31",118,182
"868146A8D4A2CF4D7A2618EDDA652862",118.707317073171,34.5155540388932,"2014-10-01","2015-03-31",123,182
"C4894275312EFB8C71E04B7318AC84F4",118.47572815534,33.7295601606552,"2014-10-02","2015-03-31",103,181
"1A2F6E69B3E1EB741927820AF8CDE1CF",118,NA,"2014-10-05","2014-10-05",1,1
"C3BC8AC18F7D70B68A1906BCBA0B3BAB",117.950413223141,31.4607827937337,"2014-10-01","2015-03-31",121,182
"13DA34590E1965FB50A382A3BCA18D8E",117.702702702703,30.4011347260097,"2014-10-01","2015-03-30",111,181
"CFC303F03DCF3DF9D4B3A11D84DB78F8",117.697478991597,35.8453728715788,"2014-10-01","2015-03-31",119,182
"9DBCCED317134C5DE72D3216ADF6E3B0",116.95652173913,18.9328805044128,"2014-10-01","2015-03-31",69,182
"7FE097D13B9BB68F6E1AB408AD0283E8",116.669117647059,40.8944540561311,"2014-10-01","2015-03-31",136,182
"3ED2ED395F29BAE7099D0BF075F609F5",116.038759689922,48.0795894683972,"2014-10-04","2015-03-31",129,179
"1092EE7F6C9BC666E110AD1B1B0DDF6C",115.965811965812,39.2908982230139,"2014-10-01","2015-03-31",117,182
"D342378BEF90FAA967372F3022BBAB23",115.547008547009,35.5254876271456,"2014-10-01","2015-03-31",117,182
"6BF931AB40FD150828DFCA858C659BD0",114.153846153846,27.3513585947047,"2014-10-01","2015-03-31",117,182
"C5F9B321A663462875CCBD91338A277C",113.829268292683,28.4151619989651,"2014-10-01","2015-03-31",123,182
"0407254A4D58A0710640E327DC1ED08C",113.716666666667,43.8285780935576,"2014-10-01","2015-03-30",120,181
"1E3768DF9D04CBAD5683E5A3801EC8D8",113.147540983607,36.1207049278081,"2014-10-01","2015-03-31",122,182
"33372613DEC206AAB0CCDF436C435ACE",113,21.3456771041465,"2014-10-01","2015-03-31",117,182
"F59F25D57997E1760BCC3198256795DF",112.457142857143,40.3262542662335,"2014-10-01","2015-03-31",140,182
"3E41C542C67F2847F2C37B9BB94AB4A9",112.245454545455,17.311599952366,"2014-10-01","2015-03-31",110,182
"0609DE69A5DDF2F17C8B08A98654F767",111.431034482759,30.7713090925356,"2014-10-01","2015-03-31",116,182
"C04934D9CEF6F45256D9471DB44F5635",110.181818181818,51.7239174498958,"2014-10-11","2015-03-29",11,170
"9C18BB9F0F44A1246C44E821745664BD",109.305084745763,42.3232389488442,"2014-10-01","2015-03-20",118,171
"3B5BF674558AE1C226C2CBAA6546B146",109.027777777778,22.3437286914697,"2014-10-02","2015-03-31",108,181
"F45B19C420AD42FAEF49F3DBF3E0D3A6",108.949579831933,29.6321655110255,"2014-10-01","2015-03-31",119,182
"A75AE036EAFE7A13CE968CBC2E8735F1",108.652173913043,34.0876176207316,"2014-10-01","2015-03-27",115,178
"93643210EDF60A80962FA2124493B6E0",108.013888888889,41.5951157217245,"2014-10-01","2015-03-31",144,182
"0373F6F85AD453D5B7532DBFAA562EA3",107.741935483871,34.5540394418931,"2014-10-01","2015-03-31",124,182
"C5EDACD7AB8C525DF0A8702555197D7B",107.142857142857,50.432887984689,"2014-12-13","2015-03-15",7,93
"8FFB3F0ABAB1917314942161279AC9E7",106.815384615385,33.3294070436594,"2014-10-01","2015-03-31",130,182
"AFC768C3747AA393500AF2C4A09B46D1",106.692913385827,38.5055163665048,"2014-10-01","2015-03-31",127,182
"747D62C5AAB374522207A1E8545E5CCD",106.621848739496,36.293528301244,"2014-10-01","2015-03-31",119,182
"467516858DF3CE0D3EFD4E6BC443BE61",106.605263157895,20.8681568916382,"2014-10-01","2015-03-31",114,182
"A5BCD17B760B5F17FDF73132722055E6",106.094736842105,20.2448174004842,"2014-10-01","2015-03-31",95,182
"BCB0640FFFA5F7A1A3458BACF868FB3C",105.857142857143,62.5175140295866,"2014-10-19","2015-03-29",14,162
"85C4ADFD93E4A9561E61F98BD56D0373",105.411764705882,40.1695300862486,"2014-10-01","2015-03-30",102,181
"584A2883475F09D678167FD37C625263",103.992,34.1794354320198,"2014-10-01","2015-03-31",125,182
"E2B4A26AC52CDFCDCE0B5239EF85F867",103.91452991453,27.9431604886792,"2014-10-01","2015-03-30",117,181
"D80F4767757CE8E3D2167A34E8967392",103.611111111111,33.8762388047368,"2014-10-01","2015-03-31",126,182
"23976D3F90E76FC042A39C75B1E58A18",103.478991596639,31.236345827728,"2014-10-01","2015-03-31",119,182
"A18F62BC11FF38538E1397E951F7D3E1",103,NA,"2014-10-05","2014-10-05",1,1
"285F05F051B501526FADAFE6B76A5F24",102.973913043478,37.6359432694578,"2014-10-01","2015-03-30",115,181
"5D5C4B3DEDA97FCFC9AA9FECF6C28EA9",102.8,55.900308088994,"2014-11-09","2015-03-14",10,126
"F40A8F4F124556A4FB04541DEC118230",102.068493150685,46.651285788855,"2014-12-05","2015-03-31",73,117
"243B54D524A66DA6C886042FAF70CE4C",102.061403508772,22.7309329172181,"2014-10-01","2015-03-31",114,182
"237D88D4014E49D9902BF1C14F172FA5",101.237288135593,26.7577540374738,"2014-10-01","2015-03-31",118,182
"07C2C0FCE275336741B20DE077EF5BBF",101,33.7821606028981,"2014-10-01","2015-03-28",129,179
"34A5319C71D36D7F6FF727965D07B3D6",100.949579831933,31.5672133975486,"2014-10-01","2015-03-31",119,182
"9C4CE56DE94FE6A51D6623821EB3B93A",100.469565217391,23.9957312501694,"2014-10-01","2015-03-31",115,182
"7E4DA42569D83C73B874FC903DA7E2D7",100.216666666667,42.7175958733504,"2014-10-01","2015-03-31",120,182
"9B4ADBCF4498421C04B572F465590009",100.185483870968,37.4537909194184,"2014-10-01","2015-03-31",124,182
"BA37CCA3264A6616555370886AF24BB4",99.7851239669422,27.3590955660606,"2014-10-01","2015-03-31",121,182
"2EEAAD17F1DAC7FC0035152727FFE119",97.672131147541,29.3838778033043,"2014-10-01","2015-03-31",122,182
"9F5076296F88BB53EE9DD69DCB2A82C3",96.9,23.2543902664995,"2015-02-11","2015-03-06",10,24
"0880AC22F4F52760F792AF6DFE1D46A7",96.1089108910891,15.0704352890678,"2014-10-02","2015-03-31",101,181
"72CFA151585581037E31626F051689E1",95.5945945945946,16.2398938523056,"2014-10-02","2015-03-30",111,180
"A537F7AA68B5BD9047A35612AB3D0FE8",95.5544554455445,43.7324765471897,"2014-10-01","2015-03-31",101,182
"D0C5D9DE02DBFA841047B85E0BE820B3",95.2109375,31.6239350058766,"2014-10-01","2015-03-31",128,182
"C28D0B07308D6E1E47475B74966E0006",95.1,29.6910544709401,"2014-10-02","2015-03-31",110,181
"B65C33793EC504C8241083A896ED4CCD",95.0133333333333,47.5523874221847,"2014-12-05","2015-03-31",75,117
"9388EC97C026C98E563570A9346008BF",94.9895833333333,51.5009442512652,"2014-11-05","2015-03-31",96,147
"6BC417D4D835C7FBF4D99AE017965CED",94.4234234234234,23.8375370713539,"2014-10-01","2015-03-20",111,171
"1A8186AD01D04664A225771485B4CB2D",94.2636363636364,23.5705761501505,"2014-10-02","2015-03-31",110,181
"423157E8A0C7DA2ACCB0A77F0A8427EA",93.7203389830509,32.4553304047113,"2014-10-01","2015-03-31",118,182
"2E3F4BFD27A50FA928665D4B53B64DCD",93.5108695652174,38.5379774343446,"2014-10-27","2015-03-31",92,156
"E7A2F37AAADFAEA725628D908372A8D4",93.3300970873786,19.4328347308558,"2014-10-01","2015-03-28",103,179
"638E3F692ECAF9D899CA25FD34FD8AC5",92.6666666666667,26.5756781036094,"2014-10-01","2014-10-08",6,8
"07BAF55B8D94C8EC187C90012C592DA5",91.4155844155844,36.1751407262205,"2014-10-27","2015-02-24",77,121
"D48760CBEDD3CCFFB38533CFF9A24427",91.0088495575221,26.2680195210359,"2014-10-01","2015-03-30",113,181
"B8A60400BCACF8DC6535E9B5D1412975",90.9411764705882,36.7382562981687,"2014-10-27","2015-03-31",102,156
"B3BBEFB783DD516A4E3318383F46F413",90.8965517241379,39.1054844779624,"2014-10-01","2014-11-01",29,32
"67EEDA138CD511A2F8575C6B67B8D07E",89.8392857142857,23.1569952405624,"2014-10-02","2015-01-28",56,119
"CF68508F8C7E6DC2B81FA97446F9489B",89.7,59.0744351550558,"2014-10-10","2015-03-27",10,169
"0CC0B864BA425BEA106402D9B10BCABF",89.1150442477876,20.0551704289823,"2014-10-01","2015-03-31",113,182
"4B3307C05C4247B2EAB77D1099393E7C",89.0258620689655,27.1204915970888,"2014-10-01","2015-03-31",116,182
"F74C58FE3214186800E9467AB96CFC03",88.8311688311688,40.3818623294519,"2014-11-27","2015-03-27",77,121
"93C957E43C0E6410E2B7CAA5DA1A5DD6",88.7368421052632,29.2516427910365,"2014-10-11","2015-03-29",38,170
"118E21A540278AAE0546A9EC615976C8",88.1379310344828,43.6841657263189,"2014-11-19","2015-03-31",87,133
"08B645DF9EC6270D0494D6DBE031188E",87.7551020408163,64.9055501646575,"2014-10-11","2015-03-28",49,169
"2CA266E84D75AF31EFAF63117197AFD0",87.7102803738318,16.6348176265272,"2014-10-01","2015-03-30",107,181
"47AA63A29F90C967D81740C836C9344C",87.0470588235294,43.3067425417779,"2014-11-19","2015-03-31",85,133
"6AA95E32AF05F008976DEF42B08B502B",87,NA,"2014-10-05","2014-10-05",1,1
"7553EDCF20E8DAE5917D4ACF5CDD6586",86.3440860215054,28.8694567890854,"2014-10-01","2015-03-31",93,182
"C530E129E2DC5F30669E3DAF3A4D7452",85.2,21.3645057341179,"2014-10-01","2015-03-31",115,182
"39DB88D8279E2F17F6196A11744DBA5C",84.5412844036697,36.4901133515519,"2014-10-21","2015-03-31",109,162
"BDFEC5053E3C3C8277666D3D4E37237E",84.1857142857143,34.4639496173485,"2014-10-01","2015-03-31",140,182
"EF1B6D63808620B11407BDC12B70A0E1",84.0625,22.6198852898576,"2014-10-01","2015-03-31",96,182
"760D41657A058BC3FF9C78EA5524A667",83.8914728682171,31.97856711682,"2014-10-01","2015-03-31",129,182
"2E5D42DA3371860C0706CC13A0A98E23",83.6,23.3194764048848,"2014-10-02","2015-03-31",100,181
"004772E990FAC29BE990C209E6FB5D4B",83.5851063829787,20.1192197065757,"2014-10-01","2015-03-31",94,182
"146545D0493419DD7381A3D849367F24",83.5172413793103,42.1483708391504,"2014-11-17","2015-03-31",87,135
"8811C98E623E0FFC8A854F2F1C2F19EE",83.4769230769231,31.8244251632419,"2014-10-01","2015-03-31",130,182
"9307AC751E652D2AAB8ED6A7DCA3665F",83.1824817518248,32.724388049395,"2014-10-01","2015-03-31",137,182
"6638F704A795C0F67F94DB889A50F746",83.1785714285714,22.229532527746,"2014-10-11","2015-03-15",28,156
"0C2E6404D6FBC949F8CB7CAFCE982D3F",82.979797979798,27.4638834441949,"2014-10-01","2015-03-31",99,182
"672C70C772CC4CDC458D2EBFFEC0934E",82.6451612903226,27.8868776286664,"2014-10-01","2015-03-31",124,182
"B4188ECF26FD1BFC2F6B666B26C153C8",82.5746268656716,29.4976427924479,"2014-10-01","2015-03-29",134,180
"69061B46824F2D64E67CDA16542F23E0",81.7327586206897,22.4310955589782,"2014-10-01","2015-03-31",116,182
"8094E602E506CFF63ADD45672E86F924",80.9255319148936,52.6667835907989,"2014-10-22","2015-03-31",94,161
"9A7DF2D62DFD00D43610DD4358E32752",80.875,61.6780547069412,"2014-10-02","2015-03-31",112,181
"8F919DEB7BCFC50E2150E56F9E097A7C",80.5419847328244,33.4604840513943,"2014-10-01","2015-03-31",131,182
"CF91CBB9E73869ECDA2864E0F8624470",80.4189189189189,33.4258561049601,"2014-12-05","2015-03-31",74,117
"C9EC8987D709A0700251243FCBCD03BA",80.3515625,30.5821701551351,"2014-10-01","2015-03-31",128,182
"FC628DACED7FCE3F60F167412E9E2F2E",79.869918699187,30.3468904474478,"2014-10-01","2015-03-31",123,182
"496783A5F6AF4AF865964A4E57260A47",79.1408450704225,33.2979174701224,"2014-12-12","2015-03-31",71,110
"780397A4476C9BAAC9A4B102A5386D7E",78.9,42.7514453083094,"2014-11-27","2015-03-31",80,125
"EA50D45B4A3BC5A0FD83327D9E852AFD",78.5333333333333,41.6637691876449,"2014-11-17","2015-03-31",90,135
"F35E05A63A07CF68BFBDD920358975F4",78.1486486486486,33.8561349663715,"2014-12-05","2015-03-31",74,117
"2954AD62F622C47BA3DAD3AD84AA1512",78.1195652173913,32.8515951713671,"2014-10-01","2015-02-26",92,149
"6607B17DADC05AFEDECC5D88E5B25623",77.7801418439716,31.798717898364,"2014-10-01","2015-03-31",141,182
"D7C947F1413EF992E88E0B029364392A",77.062015503876,29.7433689926176,"2014-10-01","2015-03-28",129,179
"5D17956778C9BECE2F53835D259E49D7",76.0454545454545,37.5539180473963,"2014-11-19","2015-03-31",88,133
"6C421DFC966027E12F58662FF069945E",75.5974025974026,30.4584530399327,"2014-12-04","2015-03-31",77,118
"56A5561AB2B859F0573F3A2C82605C50",74.6666666666667,60.1858233584399,"2014-11-09","2015-03-14",3,126
"C52AF4B08433E2E745016A6DB7FCA4FD",74.6228070175439,18.5049098248585,"2014-10-01","2015-03-31",114,182
"03680759872185D7DCE451AAD72960AB",74.4782608695652,17.7360510182178,"2014-10-01","2015-03-31",115,182
"E09B3D94F26751FE5AB9629A1ABB58E8",73.6666666666667,23.4591844132172,"2014-11-29","2015-01-10",3,43
"A335BBA500508B0E0493832838B358A9",73.2666666666667,29.1493513595875,"2014-12-05","2015-03-31",75,117
"66C15E111A142F903A343C725EE768AC",73,24.8750259757298,"2014-10-01","2015-03-31",134,182
"386A63D1D7C839AA4FC0DFB1A7679378",72.6293103448276,31.4583313558452,"2014-10-01","2015-03-31",116,182
"23024265487CB0E20856E9D92B35A6C7",72.575,66.3494584832886,"2014-10-18","2015-03-29",40,163
"F6704F6E1FE3606027A07DD751190E2D",71.8416666666667,28.9151165238087,"2014-10-01","2015-03-31",120,182
"89AD62D8943967DE032C969A855DDBBC",71.7543859649123,38.5010578248713,"2014-12-25","2015-03-31",57,97
"C5B0374732759EBD19BFB42FD323D4E1",71.319587628866,38.7297114606884,"2014-10-01","2015-03-31",97,182
"6D35F33A4FBBFB2628157AF60A518718",70.5,74.2462120245875,"2015-01-25","2015-03-14",2,49
"0B7AA7B575E6C3FBF151BCCC75EC6343",69.9431818181818,38.496859986759,"2014-11-17","2015-03-31",88,135
"ED2D01FD2397AECAE079E8E7F46801C8",65.4545454545455,29.5850084886371,"2014-11-22","2015-03-14",11,113
"BCBDFDCD77BAFEA26CAE457D01863568",65.1666666666667,70.0782895529469,"2014-12-13","2015-03-27",6,105
"95398FBAFC39D738F5676A0A40D0BD5D",64.7538461538462,26.2369198180438,"2014-12-17","2015-03-31",65,105
"F80C8D4763068B504101E53FAE4551B9",64.3883495145631,41.9851124430676,"2014-10-01","2015-03-25",103,176
"B49DE08D2380D8AC597B3ED1863D9C40",64.15,42.8955585972303,"2014-10-18","2015-03-30",20,164
"EFE0EC0B30B393A8BEE6D38C1819B0B4",61.8829787234043,31.097784169923,"2014-11-05","2015-03-31",94,147
"A1B80B6FCBA0F27125E07F16205184BE",61.1754385964912,31.7145023118065,"2014-10-01","2015-03-30",114,181
"80E86AF05F8C4C6A3664D7BE56E92C71",61,79.1959594928933,"2014-10-05","2014-10-06",2,2
"6A9673C8113AEB08D1FA95A8D1E2F97E",60.9736842105263,13.5897283740303,"2014-10-01","2015-03-31",114,182
"3B9D970C6F209AACC8D81E767E28E331",60.2946428571429,15.1607829748942,"2014-10-01","2015-03-31",112,182
"AC7793D60B9A4EC20137A8D7229ABCA1",58.6413043478261,41.6174576433684,"2014-10-01","2015-03-31",92,182
"D7FBA716F9D95EFD9A04D2E5AF2C3656",57.6842105263158,25.9127367294933,"2014-12-25","2015-03-31",57,97
"09AF590616649E1230921B322994F5F1",54.2539682539683,20.0233478670633,"2014-10-01","2014-12-31",63,92
"0F4491B9850CABE215210443ECEE05E8",53.9333333333333,13.1880176495108,"2014-10-27","2014-11-17",15,22
"56531CA6B53F96F254CB0E0632F02358",52.8235294117647,44.1747033013772,"2014-10-13","2015-03-01",17,140
"D39FF6A2B2691412E8D6C290C3844D5E",50.8484848484849,26.9201611391458,"2014-12-04","2015-01-21",33,49
"4BF243EED50E9992AD05789319F1DB11",48.8363636363636,34.633739521759,"2014-10-01","2015-03-31",110,182
"F7EFDA867ABA0E1326AD26B0A8D49270",46.6666666666667,8.62561185893516,"2014-10-01","2015-03-31",114,182
"577C02A848D28289886B9B135EE5AACE",46.1637931034483,17.4540111077118,"2014-10-01","2015-03-31",116,182
"ADB6E41196FA5DAF18D77B3F5D4F9E4B",45.6434782608696,18.0803233670953,"2014-10-03","2015-03-31",115,180
"BBB06AAE611C3FCF215C51AD59743D11",44.990990990991,40.0482653115407,"2014-10-02","2015-03-31",111,181
"A14B20B7D95E2A567856C73D6CD430F4",44.7959183673469,43.637910120254,"2014-10-01","2015-03-31",98,182
"70F6017F2FE7F255B9B0B5B2232C65BA",43.5565217391304,10.9489976344451,"2014-10-01","2015-03-31",115,182
"1122AA615C18B19236BE2B5C75AFF8BA",42.7657657657658,22.3541555847738,"2014-10-01","2015-03-31",111,182
"146CFA6762B0B55A2C7BDA1CEF924052",42.5816326530612,21.9980896402944,"2014-10-01","2015-03-31",98,182
"EB7134AF8ECFE8B58F24088310796CF7",41.5535714285714,19.3729816900347,"2014-10-01","2015-03-31",112,182
"6C542304D663DB29863836FE13DD3599",39.5454545454545,35.1240579007285,"2014-10-02","2015-03-31",99,181
"6F7A17FB011C6FA68C486A5074A05F6F",39.0093457943925,22.7320301524302,"2014-10-13","2015-03-31",107,170
"8FC8D946AFBA2CACBB6099FE519E266D",38.9777777777778,18.8516805241829,"2014-11-05","2015-03-31",45,147
"E8E8646C45EF3CBED90485CB3795F1C6",38.1875,19.5207705757475,"2014-10-11","2015-03-28",32,169
"BA9597228E0179EC67D6E2E2B219EE26",37.9237288135593,35.4577289634019,"2014-10-01","2015-03-31",118,182
"7D77C10C5EBCBEDBB236E9020C98D221",37.6785714285714,22.2278663467289,"2015-01-15","2015-03-27",28,72
"6AA8145AAFE144765982AFC930F23C97",35.9619047619048,51.5848673042641,"2014-10-01","2015-03-31",105,182
"F223850C4C617794501B02D4A6258903",35.75,23.4431937528429,"2014-10-01","2014-10-06",4,6
"42B093AEE843EF8961E27D34A4E044F1",31.5,6.36396103067893,"2015-02-01","2015-02-28",2,28
"7BC73FA15ADFFCD764C296B8CB7B895E",29.2767857142857,41.0739192630718,"2014-10-01","2015-03-31",112,182
"207D21B954E2739931AFDDBF40971A72",28.8898305084746,26.3210889736225,"2014-10-01","2015-03-27",118,178
"28A8FD740B6234624CFE4F9790BAE7AF",28.6224489795918,7.89037689523868,"2014-10-01","2015-03-31",98,182
"8025DC64C570003B23B50F81E993C57A",27.8723404255319,12.6673442212929,"2014-10-30","2015-03-31",47,153
"B9881669407F16D765658A6285390167",26.6261682242991,33.4214153930843,"2014-10-01","2015-03-30",107,181
"6339F55E47EB2ED1E1FE911CB038CC02",26.531914893617,23.3370360169666,"2014-10-01","2015-03-31",94,182
"FF8592E1693DB008F5431F11623D3F44",26.2,17.4985713702576,"2014-11-27","2014-12-03",5,7
"7377575D0EC31BED09FA3C17C58EB24A",25.6666666666667,13.4524977966806,"2014-10-11","2015-02-01",12,114
"C8B11871088A4121AD0A766901DEE697",25.2695652173913,9.42404701229825,"2014-10-01","2015-03-31",115,182
"D384EB4D51E7558EEC6C4D2A928FEEA5",25.1538461538462,37.0743929158601,"2014-10-01","2015-03-31",117,182
"260AA070BD0F4DEF17875484E3945FFF",24.0833333333333,15.7737315198594,"2014-10-11","2015-02-01",12,114
"785876E8BFCEE4E09C51456736C57635",24.0178571428571,19.6584389201997,"2014-11-11","2015-03-17",56,127
"02DF6CC6A4CEBE96184F22EC1FD54E5D",22.5,7.77817459305202,"2015-03-05","2015-03-07",2,3
"8C9F32E03AEB2E3000825C8C875C4EDD",22,NA,"2014-10-04","2014-10-04",1,1
"79668552C978F4045A54DFA099A97CF3",21.75,11.6153633893506,"2014-11-05","2014-11-10",4,6
"4379E132738223FF982CB8A1118A598A",21.21875,20.2594763401957,"2014-10-01","2015-03-31",96,182
"3334A543C4A11E05D68C88A70F187C81",20.9739130434783,20.0929685133029,"2014-10-01","2015-03-31",115,182
"F636857032816E4F84E54510F73FB873",20.7435897435897,19.9495701203146,"2014-11-05","2015-03-31",78,147
"8DAC64F1E11ECF29ECE7069721C45AA7",19.974358974359,19.7647638132654,"2014-10-01","2015-03-31",117,182
"347C68661A3A88973A4FCD6D35E49E14",19.4,9.83869910099907,"2014-12-05","2014-12-11",5,7
"C3CB6565CDE251F2A094DAF956849082",17.8,16.5136307334275,"2015-01-01","2015-02-01",5,32
"44EE6AEA316F440C12BC107AEEF4A8BA",16.8608695652174,14.5269785055386,"2014-10-01","2015-03-31",115,182
"BE2532208B3F03AB2DB012D9444A1C34",16.2794117647059,17.5497974544891,"2014-11-07","2015-03-25",68,139
"9117A749C7CC2222730CE2B0E7CF880B",16.1,12.1488852510852,"2014-10-01","2015-03-31",110,182
"3BA7D8E1932D147E8F6C10EB342AB194",14.4411764705882,22.7972438534812,"2014-10-01","2015-03-31",102,182
"D7D4B9589D740940B3CC02B16EB98355",13.6,11.3412437379597,"2014-10-01","2015-03-25",85,176
"082A40C7450B373C3A0947C104F514C0",13.5384615384615,11.0349096402839,"2014-11-05","2014-11-28",13,24
"DB66FB83A1868C50F51C7F88FE3DC892",13,NA,"2015-03-05","2015-03-05",1,1
"D908E07418A81E85861C6E3BAE88B045",12.75,12.0933866224478,"2014-11-16","2015-01-01",4,47
"D0EAF808335E592525FB520D32ADCC3E",12.1075268817204,10.9578861473007,"2014-11-03","2015-03-31",93,149
"EBAF9DE6EB3DC4300BB6E7D7D9C85A27",11.5196078431373,12.4086606549873,"2014-10-01","2015-03-31",102,182
"D9A1B530E40F479360EDE8E7B93FCDB3",11.1826086956522,10.4927565731524,"2014-10-06","2015-03-31",115,177
"797DDF32458035ABE4C0E53EA905ADFC",11,NA,"2014-10-06","2014-10-06",1,1
"A88DD0FC068864DB93E01956CB13B1E4",10.6190476190476,13.5166428413136,"2014-10-01","2015-03-31",105,182
"CD7DDBA38F391427245D11C0A163A387",10.4606741573034,11.2775482705636,"2014-10-01","2015-03-31",89,182
"7BA845E148CD9E0ADAD0815B0EC0D675",9.70212765957447,13.7909349899674,"2014-10-01","2015-03-31",94,182
"FE361CDE4D3B82C276F32824E70D1506",9.67272727272727,10.6246287282432,"2014-10-01","2015-03-31",110,182
"28B60A16B55FD531047C0C958CE14B95",9,NA,"2014-10-04","2014-10-04",1,1
"A42A641183311A40EBA7FFD20AAA0295",9,NA,"2015-03-05","2015-03-05",1,1
"A71A13182999151D5918E123A88928C1",8.67708333333333,9.75002811511916,"2014-10-01","2015-03-31",96,182
"FE5E73E294B9305719EBFB42F6D4555B",8.19191919191919,10.0819871377851,"2014-10-01","2015-03-31",99,182
"0518A0113D4D0A5BA5DE346E0697EAA3",8,5.65685424949238,"2015-01-25","2015-02-11",2,18
"C47C7472B7A3E9A37C2D6464C05B582C",7.48648648648649,10.2251948345215,"2014-10-01","2015-03-30",74,181
"5B0EC01E91F617873727624C71628F04",7.19642857142857,6.62068286194419,"2014-10-01","2015-03-31",56,182
"EBEDBE5207AB235BA5FCC11D7297E06A",6.85714285714286,9.88328715961269,"2014-10-01","2015-03-31",91,182
"87B62CE0F3DB3FD5A9C9AD606535304A",6.72173913043478,7.01445603308782,"2014-10-02","2015-03-31",115,181
"A1EE84AE86E519336B9EB8A7D33154E8",6.56944444444444,8.22196712161894,"2014-10-01","2015-03-30",72,181
"53BA98639207227B71B00B831494BA46",6.09,10.0243088378585,"2014-10-01","2015-03-31",100,182
"83C0848AFD72C5E8CBFFB53B25E0B702",6.07692307692308,6.10506305223745,"2014-10-01","2015-03-31",91,182
"34F7336FB9A117833533A17D23AE631D",5.95402298850575,5.91393318531716,"2014-10-01","2015-03-31",87,182
"AB6BB2F5EE2161A0BC20C9394C3C398C",5.79245283018868,6.81415470931764,"2014-10-01","2015-03-31",106,182
"6DAEFBB538C7CE980E7E9CCD99B00714",5.49253731343284,8.26708173627143,"2014-10-06","2015-03-30",67,176
"BB79E3DE105034A147CB4EDA65227692",4.93939393939394,6.09382736338436,"2014-10-02","2015-03-31",66,181
"1E9A33CE04B8541100DED41A86A376D2",4.81818181818182,5.81606726902305,"2014-10-01","2014-12-31",44,92
"2D57BCB898FCF6D84C919233B9F930A4",4.72916666666667,6.26622008745281,"2014-10-07","2015-03-23",48,168
"BA6FFBA123A1ECE7C2DDA5946550B95A",3.76699029126214,3.14737326987201,"2014-10-02","2015-03-30",103,180
"FF710EEE766D1DECFC8FDD26BB8B6470",3.75,2.65869917792166,"2014-10-01","2015-03-27",92,178
"832BB78905516B5E9D6EF81EAC9A04B8",3.5979381443299,2.71822473398859,"2014-10-01","2015-03-30",97,181
"85D4ABEE045B5EEEDCC2B132A13695E2",3.26190476190476,3.65077660534656,"2014-10-03","2015-03-31",84,180
"C3C205C5A7F6167557899F8AA632C305",2.98245614035088,2.46758433109746,"2014-11-14","2015-03-31",57,138
"4D0AED4D80BE920933BD9A4BEDE46FA1",2.79365079365079,3.81913150977959,"2014-10-01","2015-03-31",63,182
"09C17A2BDDFAA7718670C472E4EE41BE",2.76470588235294,1.89190978594281,"2014-10-01","2014-11-28",34,59
"E9BCA2E694A722734E2D5B57BF8A492B",2.53225806451613,1.54408168831179,"2014-10-30","2015-03-04",62,126
"7482D25448123D1A144A0FB5DB7F96D4",2.45454545454545,1.69769104437612,"2014-10-31","2015-03-23",55,144
"191E349E6C800EA84E2F2E15F537131E",2.42647058823529,4.09701812378036,"2014-10-02","2015-03-31",68,181
"D4A9A87D3DE29A74E596118CF3F3AB0D",2.38157894736842,1.57452304111993,"2014-10-01","2015-03-31",76,182
"7D8CFD26B9E1EBD95AD425AFD0540BC2",2.32307692307692,1.52179676192828,"2014-10-01","2015-03-18",65,169
"4EA2332F272D1A661C351AC199E6CC7E",2.24705882352941,1.75869189993005,"2014-10-03","2015-03-30",85,179
"6C6175A267ACBAFC9A7AA6BDFF0CB81D",2.23809523809524,1.45595867668103,"2014-10-02","2015-03-31",63,181
"AA9C1855FC5612929C54E5F6111DC03F",2.16363636363636,1.44995065514551,"2014-10-01","2015-03-30",55,181
"C889C6F37C42D4C673800F6CDE842920",2.1551724137931,1.71476277463116,"2014-10-01","2015-03-25",58,176
"34C1FEF6C3969956DE752955AC601D52",2.13461538461538,1.23715115746837,"2014-10-14","2015-03-06",52,144
"14B207127E67BD6257DF4AEF260C32E7",2.1025641025641,1.70247904493268,"2014-10-01","2015-03-31",78,182
"3AD55F8DEC9A7A13DA3615456FEBCD96",2.08450704225352,1.29555811330472,"2014-10-20","2015-03-31",71,163
"64D01C0E07D8F2C6DC6BA7C49B680E81",2.08219178082192,1.36171281702223,"2014-10-01","2015-03-27",73,178
"3B475EA405DD741902204AC963FC87FC",2.08108108108108,1.42162618891923,"2014-11-27","2015-03-30",37,124
"2178A2DA6E8E754C59E3F7F410E35B11",2.06849315068493,1.6014643223147,"2014-10-01","2015-03-30",73,181
"E6F8FF6868EFD9F22F388E4317C70BC2",2.01351351351351,1.53937581411271,"2014-10-03","2015-03-27",74,176
"82A680269D2AE23E84C4C5316E1EA633",2,1.14309521329882,"2014-10-01","2015-03-31",76,182
"F69C35DD08B63CA70AF6ED5DD2820EB2",2,1.25830573921179,"2014-10-01","2015-03-27",25,178
"BCCB238004D6BD2D2EC706D574D36C13",1.96153846153846,1.31300491257744,"2014-10-03","2015-03-20",52,169
"D64C5AE3BD7CA3B77FA23EE2DF2B7394",1.90566037735849,1.24443609322883,"2014-10-03","2015-03-27",53,176
"9334B372C8FA73F9F6C0198BD7BBFB3D",1.86363636363636,1.15317376191039,"2014-10-01","2015-03-24",44,175
"36CE26357A51B44D77DFA27459AAAABF",1.80645161290323,1.198888962132,"2014-10-01","2015-03-31",62,182
"15EF828FDB1FE5694C77624F0A4D5828",1.79710144927536,1.05132563580361,"2014-10-02","2015-03-31",69,181
"EF66B5EF935151AA577D8B60D6043E3C",1.60869565217391,0.977030896123903,"2014-10-01","2015-03-26",46,177
"880D3B38E1B15ECC4F2979B7918A0537",1.60416666666667,0.939433585195307,"2014-10-13","2015-03-31",48,170
"046A89590E5E6AD5AAA3537CA1E01BD4",1.57894736842105,1.01739260823845,"2014-10-06","2015-03-19",19,165
"961B762CCEEE695832CE7B213C982D45",1.5,0.836660026534076,"2014-10-07","2014-11-27",6,52
"C0E75615758A4C5B3B7D9FB679A05727",1.5,0.707106781186548,"2014-10-03","2014-10-13",2,11
"1C463CCCACB7121845B383A7E8050C37",1.44444444444444,0.697982440452113,"2015-01-06","2015-03-31",27,85
"9F7C1A252DAD2A42BF40998CA5F4F754",1.44444444444444,0.615698763455199,"2014-11-06","2015-03-26",18,141
"D7317DAB54812B073B47B08D79579FD2",1.38095238095238,0.669043382464133,"2014-10-30","2015-02-06",21,100
"DC8302699BBF605510DF69ABE1AD0D69",1.28571428571429,0.487950036474267,"2014-10-02","2015-01-21",7,112
"C055588C5B78C1A8D2639C63B648F23F",1.2,0.447213595499958,"2014-10-06","2015-03-12",5,158
"59B6303640F87D8CD2EF2887024D22D8",1.14285714285714,0.363136519601281,"2014-10-02","2015-03-26",14,176
"8E7ED32A3268E70776191BABB913E549",1.09090909090909,0.301511344577764,"2014-10-15","2015-03-09",11,146
"0AD01785E9EAE83631132217A0C7E817",1,0,"2014-12-09","2015-01-05",3,28
"65574EAB8B67D56C073063ADF9B88E2D",1,0,"2015-03-03","2015-03-31",2,29
"81E047E97E182DA072EDBEF2C08DBB6E",1,NA,"2015-01-07","2015-01-07",1,1
"924DB7FDB0ADB314DE232B1DAC191EC1",1,NA,"2014-12-03","2014-12-03",1,1
"92BF9C3D44A9D3FB317786137235DDCE",1,NA,"2014-12-26","2014-12-26",1,1
"F21E94E29DAEFF9F6CAC2B8AEFF9D9C2",1,NA,"2014-11-17","2014-11-17",1,1
"FC53F87FE5468099888A209A41E56A51",1,0,"2014-10-30","2014-12-05",2,37
